>999.S3,0
>0.S3,0
>1.S3,0
>2.S3,0
>3.S3,0
>4.S3,0
>5.S3,0
>6.S3,0
>7.S3,0
>8.S3,0
>9.S3,0
>10.S3,0
>11.S3,0
>12.S3,0
>13.S3,0
>14.S3,0
>15.S3,0
>16.S3,0
>17.S3,0
>18.S3,0
>19.S3,0
>20.S3,0
>21.S3,0
>22.S3,0
>23.S3,0
>24.S3,0
>25.S3,0
>26.S3,0
>27.S3,0
>28.S3,0
>29.S3,0
>30.S3,0
>31.S3,0
>32.S3,0
>33.S3,0
>34.S3,0
>35.S3,0
>36.S3,0
>37.S3,0
>38.S3,0
>39.S3,0
>40.S3,0
>41.S3,0
>42.S3,0
>43.S3,0
>44.S3,0
>45.S3,0
>46.S3,0
>47.S3,0
>48.S3,0
>49.S3,0
>50.S3,0
>51.S3,0
>52.S3,0
>53.S3,0
>54.S3,0
>55.S3,0
>56.S3,0
>57.S3,0
>58.S3,0
>59.S3,0
>60.S3,0
>61.S3,0
>62.S3,0
>63.S3,0
>64.S3,0
>65.S3,0
>66.S3,0
>67.S3,0
>68.S3,0
>69.S3,0
>70.S3,0
>71.S3,0
>72.S3,0
>73.S3,0
>74.S3,0
>75.S3,0
>76.S3,0
>77.S3,0
>78.S3,0
>79.S3,0
>80.S3,0
>81.S3,0
>82.S3,0
>83.S3,0
>84.S3,0
>85.S3,0
>86.S3,0
>87.S3,0
>88.S3,0
>89.S3,0
>90.S3,0
>91.S3,0
>92.S3,0
>93.S3,0
>94.S3,0
>95.S3,0
>96.S3,0
>97.S3,0
>98.S3,0
>99.S3,0
>100.S3,0
>101.S3,0
>102.S3,0
>103.S3,0
>104.S3,0
>105.S3,0
>106.S3,0
>107.S3,0
>108.S3,0
>109.S3,0
>110.S3,0
>111.S3,0
>112.S3,0
>113.S3,0
>114.S3,0
>115.S3,0
>116.S3,0
>117.S3,0
>118.S3,0
>119.S3,0
>120.S3,0
>121.S3,0
>122.S3,0
>123.S3,0
>124.S3,0
>125.S3,0
>126.S3,0
>127.S3,0
>128.S3,0
>129.S3,0
>130.S3,0
>131.S3,0
>132.S3,0
>133.S3,0
>134.S3,0
>135.S3,0
>136.S3,0
>137.S3,0
>138.S3,0
>139.S3,0
>140.S3,0
>141.S3,0
>142.S3,0
>143.S3,0
>144.S3,0
>145.S3,0
>146.S3,0
>147.S3,0
>148.S3,0
>149.S3,0
>150.S3,0
>151.S3,0
>152.S3,0
>153.S3,0
>154.S3,0
>155.S3,0
>156.S3,0
>157.S3,0
>158.S3,0
>159.S3,0
>160.S3,0
>161.S3,0
>162.S3,0
>163.S3,0
>164.S3,0
>165.S3,0
>166.S3,0
>167.S3,0
>168.S3,0
>169.S3,0
>170.S3,0
>171.S3,0
>172.S3,0
>173.S3,0
>174.S3,0
>175.S3,0
>176.S3,0
>177.S3,0
>178.S3,0
>179.S3,0
>180.S3,0
>181.S3,0
>182.S3,0
>183.S3,0
>184.S3,0
>185.S3,0
>186.S3,0
>187.S3,0
>188.S3,0
>189.S3,0
>190.S3,0
>191.S3,0
>192.S3,0
>193.S3,0
>194.S3,0
>195.S3,0
>196.S3,0
>197.S3,0
>198.S3,0
>199.S3,0
>200.S3,0
>201.S3,0
>202.S3,0
>203.S3,0
>204.S3,0
>205.S3,0
>206.S3,0
>207.S3,0
>208.S3,0
>209.S3,0
>210.S3,0
>211.S3,0
>212.S3,0
>213.S3,0
>214.S3,0
>215.S3,0
>216.S3,0
>217.S3,0
>218.S3,0
>219.S3,0
>220.S3,0
>221.S3,0
>222.S3,0
>223.S3,0
>224.S3,0
>225.S3,0
>226.S3,0
>227.S3,0
>228.S3,0
>229.S3,0
>230.S3,0
>231.S3,0
>232.S3,0
>233.S3,0
>234.S3,0
>235.S3,0
>236.S3,0
>237.S3,0
>238.S3,0
>239.S3,0
>240.S3,0
>241.S3,0
>242.S3,0
>243.S3,0
>244.S3,0
>245.S3,0
>246.S3,0
>247.S3,0
>248.S3,0
>249.S3,0
>250.S3,0
>251.S3,0
>252.S3,0
>253.S3,0
>254.S3,0
>255.S3,0
>256.S3,0
>257.S3,0
>258.S3,0
>259.S3,0
>260.S3,0
>261.S3,0
>262.S3,0
>263.S3,0
>264.S3,0
>265.S3,0
>266.S3,0
>267.S3,0
>268.S3,0
>269.S3,0
>270.S3,0
>271.S3,0
>272.S3,0
>273.S3,0
>274.S3,0
>275.S3,0
>276.S3,0
>277.S3,0
>278.S3,0
>279.S3,0
>280.S3,0
>281.S3,0
>282.S3,0
>283.S3,0
>284.S3,0
>285.S3,0
>286.S3,0
>287.S3,0
>288.S3,0
>289.S3,0
>290.S3,0
>291.S3,0
>292.S3,0
>293.S3,0
>294.S3,0
>295.S3,0
>296.S3,0
>297.S3,0
>298.S3,0
>299.S3,0
>300.S3,0
>301.S3,0
>302.S3,0
>303.S3,0
>304.S3,0
>305.S3,0
>306.S3,0
>307.S3,0
>308.S3,0
>309.S3,0
>310.S3,0
>311.S3,0
>312.S3,0
>313.S3,0
>314.S3,0
>315.S3,0
>316.S3,0
>317.S3,0
>318.S3,0
>319.S3,0
>320.S3,0
>321.S3,0
>322.S3,0
>323.S3,0
>324.S3,0
>325.S3,0
>326.S3,0
>327.S3,0
>328.S3,0
>329.S3,0
>330.S3,0
>331.S3,0
>332.S3,0
>333.S3,0
>334.S3,0
>335.S3,0
>336.S3,0
>337.S3,0
>338.S3,0
>339.S3,0
>340.S3,0
>341.S3,0
>342.S3,0
>343.S3,0
>344.S3,0
>345.S3,0
>346.S3,0
>347.S3,0
>348.S3,0
>349.S3,0
>350.S3,0
>351.S3,0
>352.S3,0
>353.S3,0
>354.S3,0
>355.S3,0
>356.S3,0
>357.S3,0
>358.S3,0
>359.S3,0
>360.S3,0
>361.S3,0
>362.S3,0
>363.S3,0
>364.S3,0
>365.S3,0
>366.S3,0
>367.S3,0
>368.S3,0
>369.S3,0
>370.S3,0
>371.S3,0
>372.S3,0
>373.S3,0
>374.S3,0
>375.S3,0
>376.S3,0
>377.S3,0
>378.S3,0
>379.S3,0
>380.S3,0
>381.S3,0
>382.S3,0
>383.S3,0
>384.S3,0
>385.S3,0
>386.S3,0
>387.S3,0
>388.S3,0
>389.S3,0
>390.S3,0
>391.S3,0
>392.S3,0
>393.S3,0
>394.S3,0
>395.S3,0
>396.S3,0
>397.S3,0
>398.S3,0
>399.S3,0
>400.S3,0
>401.S3,0
>402.S3,0
>403.S3,0
>404.S3,0
>405.S3,0
>406.S3,0
>407.S3,0
>408.S3,0
>409.S3,0
>410.S3,0
>411.S3,0
>412.S3,0
>413.S3,0
>414.S3,0
>415.S3,0
>416.S3,0
>417.S3,0
>418.S3,0
>419.S3,0
>420.S3,0
>421.S3,0
>422.S3,0
>423.S3,0
>424.S3,0
>425.S3,0
>426.S3,0
>427.S3,0
>428.S3,0
>429.S3,0
>430.S3,0
>431.S3,0
>432.S3,0
>433.S3,0
>434.S3,0
>435.S3,0
>436.S3,0
>437.S3,0
>438.S3,0
>439.S3,0
>440.S3,0
>441.S3,0
>442.S3,0
>443.S3,0
>444.S3,0
>445.S3,0
>446.S3,0
>447.S3,0
>448.S3,0
>449.S3,0
>450.S3,0
>451.S3,0
>452.S3,0
>453.S3,0
>454.S3,0
>455.S3,0
>456.S3,0
>457.S3,0
>458.S3,0
>459.S3,0
>460.S3,0
>461.S3,0
>462.S3,0
>463.S3,0
>464.S3,0
>465.S3,0
>466.S3,0
>467.S3,0
>468.S3,0
>469.S3,0
>470.S3,0
>471.S3,0
>472.S3,0
>473.S3,0
>474.S3,0
>475.S3,0
>476.S3,0
>477.S3,0
>478.S3,0
>479.S3,0
>480.S3,0
>481.S3,0
>482.S3,0
>483.S3,0
>484.S3,0
>485.S3,0
>486.S3,0
>487.S3,0
>488.S3,0
>489.S3,0
>490.S3,0
>491.S3,0
>492.S3,0
>493.S3,0
>494.S3,0
>495.S3,0
>496.S3,0
>497.S3,0
>498.S3,0
>499.S3,0
>500.S3,0
>501.S3,0
>502.S3,0
>503.S3,0
>504.S3,0
>505.S3,0
>506.S3,0
>507.S3,0
>508.S3,0
>509.S3,0
>510.S3,0
>511.S3,0
>512.S3,0
>513.S3,0
>514.S3,0
>515.S3,0
>516.S3,0
>517.S3,0
>518.S3,0
>519.S3,0
>520.S3,0
>521.S3,0
>522.S3,0
>523.S3,0
>524.S3,0
>525.S3,0
>526.S3,0
>527.S3,0
>528.S3,0
>529.S3,0
>530.S3,0
>531.S3,0
>532.S3,0
>533.S3,0
>534.S3,0
>535.S3,0
>536.S3,0
>537.S3,0
>538.S3,0
>539.S3,0
>540.S3,0
>541.S3,0
>542.S3,0
>543.S3,0
>544.S3,0
>545.S3,0
>546.S3,0
>547.S3,0
>548.S3,0
>549.S3,0
>550.S3,0
>551.S3,0
>552.S3,0
>553.S3,0
>554.S3,0
>555.S3,0
>556.S3,0
>557.S3,0
>558.S3,0
>559.S3,0
>560.S3,0
>561.S3,0
>562.S3,0
>563.S3,0
>564.S3,0
>565.S3,0
>566.S3,0
>567.S3,0
>568.S3,0
>569.S3,0
>570.S3,0
>571.S3,0
>572.S3,0
>573.S3,0
>574.S3,0
>575.S3,0
>576.S3,0
>577.S3,0
>578.S3,0
>579.S3,0
>580.S3,0
>581.S3,0
>582.S3,0
>583.S3,0
>584.S3,0
>585.S3,0
>586.S3,0
>587.S3,0
>588.S3,0
>589.S3,0
>590.S3,0
>591.S3,0
>592.S3,0
>593.S3,0
>594.S3,0
>595.S3,0
>596.S3,0
>597.S3,0
>598.S3,0
>599.S3,0
>600.S3,0
>601.S3,0
>602.S3,0
>603.S3,0
>604.S3,0
>605.S3,0
>606.S3,0
>607.S3,0
>608.S3,0
>609.S3,0
>610.S3,0
>611.S3,0
>612.S3,0
>613.S3,0
>614.S3,0
>615.S3,0
>616.S3,0
>617.S3,0
>618.S3,0
>619.S3,0
>620.S3,0
>621.S3,0
>622.S3,0
>623.S3,0
>624.S3,0
>625.S3,0
>626.S3,0
>627.S3,0
>628.S3,0
>629.S3,0
>630.S3,0
>631.S3,0
>632.S3,0
>633.S3,0
>634.S3,0
>635.S3,0
>636.S3,0
>637.S3,0
>638.S3,0
>639.S3,0
>640.S3,0
>641.S3,0
>642.S3,0
>643.S3,0
>644.S3,0
>645.S3,0
>646.S3,0
>647.S3,0
>648.S3,0
>649.S3,0
>650.S3,0
>651.S3,0
>652.S3,0
>653.S3,0
>654.S3,0
>655.S3,0
>656.S3,0
>657.S3,0
>658.S3,0
>659.S3,0
>660.S3,0
>661.S3,0
>662.S3,0
>663.S3,0
>664.S3,0
>665.S3,0
>666.S3,0
>667.S3,0
>668.S3,0
>669.S3,0
>670.S3,0
>671.S3,0
>672.S3,0
>673.S3,0
>674.S3,0
>675.S3,0
>676.S3,0
>677.S3,0
>678.S3,0
>679.S3,0
>680.S3,0
>681.S3,0
>682.S3,0
>683.S3,0
>684.S3,0
>685.S3,0
>686.S3,0
>687.S3,0
>688.S3,0
>689.S3,0
>690.S3,0
>691.S3,0
>692.S3,0
>693.S3,0
>694.S3,0
>695.S3,0
>696.S3,0
>697.S3,0
>698.S3,0
>699.S3,0
>700.S3,0
>701.S3,0
>702.S3,0
>703.S3,0
>704.S3,0
>705.S3,0
>706.S3,0
>707.S3,0
>708.S3,0
>709.S3,0
>710.S3,0
>711.S3,0
>712.S3,0
>713.S3,0
>714.S3,0
>715.S3,0
>716.S3,0
>717.S3,0
>718.S3,0
>719.S3,0
>720.S3,0
>721.S3,0
>722.S3,0
>723.S3,0
>724.S3,0
>725.S3,0
>726.S3,0
>727.S3,0
>728.S3,0
>729.S3,0
>730.S3,0
>731.S3,0
>732.S3,0
>733.S3,0
>734.S3,0
>735.S3,0
>736.S3,0
>737.S3,0
>738.S3,0
>739.S3,0
>740.S3,0
>741.S3,0
>742.S3,0
>743.S3,0
>744.S3,0
>745.S3,0
>746.S3,0
>747.S3,0
>748.S3,0
>749.S3,0
>750.S3,0
>751.S3,0
>752.S3,0
>753.S3,0
>754.S3,0
>755.S3,0
>756.S3,0
>757.S3,0
>758.S3,0
>759.S3,0
>760.S3,0
>761.S3,0
>762.S3,0
>763.S3,0
>764.S3,0
>765.S3,0
>766.S3,0
>767.S3,0
>768.S3,0
>769.S3,0
>770.S3,0
>771.S3,0
>772.S3,0
>773.S3,0
>774.S3,0
>775.S3,0
>776.S3,0
>777.S3,0
>778.S3,0
>779.S3,0
>780.S3,0
>781.S3,0
>782.S3,0
>783.S3,0
>784.S3,0
>785.S3,0
>786.S3,0
>787.S3,0
>788.S3,0
>789.S3,0
>790.S3,0
>791.S3,0
>792.S3,0
>793.S3,0
>794.S3,0
>795.S3,0
>796.S3,0
>797.S3,0
>798.S3,0
>799.S3,0
>800.S3,0
>801.S3,0
>802.S3,0
>803.S3,0
>804.S3,0
>805.S3,0
>806.S3,0
>807.S3,0
>808.S3,0
>809.S3,0
>810.S3,0
>811.S3,0
>812.S3,0
>813.S3,0
>814.S3,0
>815.S3,0
>816.S3,0
>817.S3,0
>818.S3,0
>819.S3,0
>820.S3,0
>821.S3,0
>822.S3,0
>823.S3,0
>824.S3,0
>825.S3,0
>826.S3,0
>827.S3,0
>828.S3,0
>829.S3,0
>830.S3,0
>831.S3,0
>832.S3,0
>833.S3,0
>834.S3,0
>835.S3,0
>836.S3,0
>837.S3,0
>838.S3,0
>839.S3,0
>840.S3,0
>841.S3,0
>842.S3,0
>843.S3,0
>844.S3,0
>845.S3,0
>846.S3,0
>847.S3,0
>848.S3,0
>849.S3,0
>850.S3,0
>851.S3,0
>852.S3,0
>853.S3,0
>854.S3,0
>855.S3,0
>856.S3,0
>857.S3,0
>858.S3,0
>859.S3,0
>860.S3,0
>861.S3,0
>862.S3,0
>863.S3,0
>864.S3,0
>865.S3,0
>866.S3,0
>867.S3,0
>868.S3,0
>869.S3,0
>870.S3,0
>871.S3,0
>872.S3,0
>873.S3,0
>874.S3,0
>875.S3,0
>876.S3,0
>877.S3,0
>878.S3,0
>879.S3,0
>880.S3,0
>881.S3,0
>882.S3,0
>883.S3,0
>884.S3,0
>885.S3,0
>886.S3,0
>887.S3,0
>888.S3,0
>889.S3,0
>890.S3,0
>891.S3,0
>892.S3,0
>893.S3,0
>894.S3,0
>895.S3,0
>896.S3,0
>897.S3,0
>898.S3,0
>899.S3,0
>900.S3,0
>901.S3,0
>902.S3,0
>903.S3,0
>904.S3,0
>905.S3,0
>906.S3,0
>907.S3,0
>908.S3,0
>909.S3,0
>910.S3,0
>911.S3,0
>912.S3,0
>913.S3,0
>914.S3,0
>915.S3,0
>916.S3,0
>917.S3,0
>918.S3,0
>919.S3,0
>920.S3,0
>921.S3,0
>922.S3,0
>923.S3,0
>924.S3,0
>925.S3,0
>926.S3,0
>927.S3,0
>928.S3,0
>929.S3,0
>930.S3,0
>931.S3,0
>932.S3,0
>933.S3,0
>934.S3,0
>935.S3,0
>936.S3,0
>937.S3,0
>938.S3,0
>939.S3,0
>940.S3,0
>941.S3,0
>942.S3,0
>943.S3,0
>944.S3,0
>945.S3,0
>946.S3,0
>947.S3,0
>948.S3,0
>949.S3,0
>950.S3,0
>951.S3,0
>952.S3,0
>953.S3,0
>954.S3,0
>955.S3,0
>956.S3,0
>957.S3,0
>958.S3,0
>959.S3,0
>960.S3,0
>961.S3,0
>962.S3,0
>963.S3,0
>964.S3,0
>965.S3,0
>966.S3,0
>967.S3,0
>968.S3,0
>969.S3,0
>970.S3,0
>971.S3,0
>972.S3,0
>973.S3,0
>974.S3,0
>975.S3,0
>976.S3,0
>977.S3,0
>978.S3,0
>979.S3,0
>980.S3,0
>981.S3,0
>982.S3,0
>983.S3,0
>984.S3,0
>985.S3,0
>986.S3,0
>987.S3,0
>988.S3,0
>989.S3,0
>990.S3,0
>991.S3,0
>992.S3,0
>993.S3,0
>994.S3,0
>995.S3,0
>996.S3,0
>997.S3,0
>998.S3,0
>999.S2,1
>0.S2,1
>1.S2,1
>2.S2,1
>3.S2,1
>4.S2,1
>5.S2,1
>6.S2,1
>7.S2,1
>8.S2,1
>9.S2,1
>10.S2,1
>11.S2,1
>12.S2,1
>13.S2,1
>14.S2,1
>15.S2,1
>16.S2,1
>17.S2,1
>18.S2,1
>19.S2,1
>20.S2,1
>21.S2,1
>22.S2,1
>23.S2,1
>24.S2,1
>25.S2,1
>26.S2,1
>27.S2,1
>28.S2,1
>29.S2,1
>30.S2,1
>31.S2,1
>32.S2,1
>33.S2,1
>34.S2,1
>35.S2,1
>36.S2,1
>37.S2,1
>38.S2,1
>39.S2,1
>40.S2,1
>41.S2,1
>42.S2,1
>43.S2,1
>44.S2,1
>45.S2,1
>46.S2,1
>47.S2,1
>48.S2,1
>49.S2,1
>50.S2,1
>51.S2,1
>52.S2,1
>53.S2,1
>54.S2,1
>55.S2,1
>56.S2,1
>57.S2,1
>58.S2,1
>59.S2,1
>60.S2,1
>61.S2,1
>62.S2,1
>63.S2,1
>64.S2,1
>65.S2,1
>66.S2,1
>67.S2,1
>68.S2,1
>69.S2,1
>70.S2,1
>71.S2,1
>72.S2,1
>73.S2,1
>74.S2,1
>75.S2,1
>76.S2,1
>77.S2,1
>78.S2,1
>79.S2,1
>80.S2,1
>81.S2,1
>82.S2,1
>83.S2,1
>84.S2,1
>85.S2,1
>86.S2,1
>87.S2,1
>88.S2,1
>89.S2,1
>90.S2,1
>91.S2,1
>92.S2,1
>93.S2,1
>94.S2,1
>95.S2,1
>96.S2,1
>97.S2,1
>98.S2,1
>99.S2,1
>100.S2,1
>101.S2,1
>102.S2,1
>103.S2,1
>104.S2,1
>105.S2,1
>106.S2,1
>107.S2,1
>108.S2,1
>109.S2,1
>110.S2,1
>111.S2,1
>112.S2,1
>113.S2,1
>114.S2,1
>115.S2,1
>116.S2,1
>117.S2,1
>118.S2,1
>119.S2,1
>120.S2,1
>121.S2,1
>122.S2,1
>123.S2,1
>124.S2,1
>125.S2,1
>126.S2,1
>127.S2,1
>128.S2,1
>129.S2,1
>130.S2,1
>131.S2,1
>132.S2,1
>133.S2,1
>134.S2,1
>135.S2,1
>136.S2,1
>137.S2,1
>138.S2,1
>139.S2,1
>140.S2,1
>141.S2,1
>142.S2,1
>143.S2,1
>144.S2,1
>145.S2,1
>146.S2,1
>147.S2,1
>148.S2,1
>149.S2,1
>150.S2,1
>151.S2,1
>152.S2,1
>153.S2,1
>154.S2,1
>155.S2,1
>156.S2,1
>157.S2,1
>158.S2,1
>159.S2,1
>160.S2,1
>161.S2,1
>162.S2,1
>163.S2,1
>164.S2,1
>165.S2,1
>166.S2,1
>167.S2,1
>168.S2,1
>169.S2,1
>170.S2,1
>171.S2,1
>172.S2,1
>173.S2,1
>174.S2,1
>175.S2,1
>176.S2,1
>177.S2,1
>178.S2,1
>179.S2,1
>180.S2,1
>181.S2,1
>182.S2,1
>183.S2,1
>184.S2,1
>185.S2,1
>186.S2,1
>187.S2,1
>188.S2,1
>189.S2,1
>190.S2,1
>191.S2,1
>192.S2,1
>193.S2,1
>194.S2,1
>195.S2,1
>196.S2,1
>197.S2,1
>198.S2,1
>199.S2,1
>200.S2,1
>201.S2,1
>202.S2,1
>203.S2,1
>204.S2,1
>205.S2,1
>206.S2,1
>207.S2,1
>208.S2,1
>209.S2,1
>210.S2,1
>211.S2,1
>212.S2,1
>213.S2,1
>214.S2,1
>215.S2,1
>216.S2,1
>217.S2,1
>218.S2,1
>219.S2,1
>220.S2,1
>221.S2,1
>222.S2,1
>223.S2,1
>224.S2,1
>225.S2,1
>226.S2,1
>227.S2,1
>228.S2,1
>229.S2,1
>230.S2,1
>231.S2,1
>232.S2,1
>233.S2,1
>234.S2,1
>235.S2,1
>236.S2,1
>237.S2,1
>238.S2,1
>239.S2,1
>240.S2,1
>241.S2,1
>242.S2,1
>243.S2,1
>244.S2,1
>245.S2,1
>246.S2,1
>247.S2,1
>248.S2,1
>249.S2,1
>250.S2,1
>251.S2,1
>252.S2,1
>253.S2,1
>254.S2,1
>255.S2,1
>256.S2,1
>257.S2,1
>258.S2,1
>259.S2,1
>260.S2,1
>261.S2,1
>262.S2,1
>263.S2,1
>264.S2,1
>265.S2,1
>266.S2,1
>267.S2,1
>268.S2,1
>269.S2,1
>270.S2,1
>271.S2,1
>272.S2,1
>273.S2,1
>274.S2,1
>275.S2,1
>276.S2,1
>277.S2,1
>278.S2,1
>279.S2,1
>280.S2,1
>281.S2,1
>282.S2,1
>283.S2,1
>284.S2,1
>285.S2,1
>286.S2,1
>287.S2,1
>288.S2,1
>289.S2,1
>290.S2,1
>291.S2,1
>292.S2,1
>293.S2,1
>294.S2,1
>295.S2,1
>296.S2,1
>297.S2,1
>298.S2,1
>299.S2,1
>300.S2,1
>301.S2,1
>302.S2,1
>303.S2,1
>304.S2,1
>305.S2,1
>306.S2,1
>307.S2,1
>308.S2,1
>309.S2,1
>310.S2,1
>311.S2,1
>312.S2,1
>313.S2,1
>314.S2,1
>315.S2,1
>316.S2,1
>317.S2,1
>318.S2,1
>319.S2,1
>320.S2,1
>321.S2,1
>322.S2,1
>323.S2,1
>324.S2,1
>325.S2,1
>326.S2,1
>327.S2,1
>328.S2,1
>329.S2,1
>330.S2,1
>331.S2,1
>332.S2,1
>333.S2,1
>334.S2,1
>335.S2,1
>336.S2,1
>337.S2,1
>338.S2,1
>339.S2,1
>340.S2,1
>341.S2,1
>342.S2,1
>343.S2,1
>344.S2,1
>345.S2,1
>346.S2,1
>347.S2,1
>348.S2,1
>349.S2,1
>350.S2,1
>351.S2,1
>352.S2,1
>353.S2,1
>354.S2,1
>355.S2,1
>356.S2,1
>357.S2,1
>358.S2,1
>359.S2,1
>360.S2,1
>361.S2,1
>362.S2,1
>363.S2,1
>364.S2,1
>365.S2,1
>366.S2,1
>367.S2,1
>368.S2,1
>369.S2,1
>370.S2,1
>371.S2,1
>372.S2,1
>373.S2,1
>374.S2,1
>375.S2,1
>376.S2,1
>377.S2,1
>378.S2,1
>379.S2,1
>380.S2,1
>381.S2,1
>382.S2,1
>383.S2,1
>384.S2,1
>385.S2,1
>386.S2,1
>387.S2,1
>388.S2,1
>389.S2,1
>390.S2,1
>391.S2,1
>392.S2,1
>393.S2,1
>394.S2,1
>395.S2,1
>396.S2,1
>397.S2,1
>398.S2,1
>399.S2,1
>400.S2,1
>401.S2,1
>402.S2,1
>403.S2,1
>404.S2,1
>405.S2,1
>406.S2,1
>407.S2,1
>408.S2,1
>409.S2,1
>410.S2,1
>411.S2,1
>412.S2,1
>413.S2,1
>414.S2,1
>415.S2,1
>416.S2,1
>417.S2,1
>418.S2,1
>419.S2,1
>420.S2,1
>421.S2,1
>422.S2,1
>423.S2,1
>424.S2,1
>425.S2,1
>426.S2,1
>427.S2,1
>428.S2,1
>429.S2,1
>430.S2,1
>431.S2,1
>432.S2,1
>433.S2,1
>434.S2,1
>435.S2,1
>436.S2,1
>437.S2,1
>438.S2,1
>439.S2,1
>440.S2,1
>441.S2,1
>442.S2,1
>443.S2,1
>444.S2,1
>445.S2,1
>446.S2,1
>447.S2,1
>448.S2,1
>449.S2,1
>450.S2,1
>451.S2,1
>452.S2,1
>453.S2,1
>454.S2,1
>455.S2,1
>456.S2,1
>457.S2,1
>458.S2,1
>459.S2,1
>460.S2,1
>461.S2,1
>462.S2,1
>463.S2,1
>464.S2,1
>465.S2,1
>466.S2,1
>467.S2,1
>468.S2,1
>469.S2,1
>470.S2,1
>471.S2,1
>472.S2,1
>473.S2,1
>474.S2,1
>475.S2,1
>476.S2,1
>477.S2,1
>478.S2,1
>479.S2,1
>480.S2,1
>481.S2,1
>482.S2,1
>483.S2,1
>484.S2,1
>485.S2,1
>486.S2,1
>487.S2,1
>488.S2,1
>489.S2,1
>490.S2,1
>491.S2,1
>492.S2,1
>493.S2,1
>494.S2,1
>495.S2,1
>496.S2,1
>497.S2,1
>498.S2,1
>499.S2,1
>500.S2,1
>501.S2,1
>502.S2,1
>503.S2,1
>504.S2,1
>505.S2,1
>506.S2,1
>507.S2,1
>508.S2,1
>509.S2,1
>510.S2,1
>511.S2,1
>512.S2,1
>513.S2,1
>514.S2,1
>515.S2,1
>516.S2,1
>517.S2,1
>518.S2,1
>519.S2,1
>520.S2,1
>521.S2,1
>522.S2,1
>523.S2,1
>524.S2,1
>525.S2,1
>526.S2,1
>527.S2,1
>528.S2,1
>529.S2,1
>530.S2,1
>531.S2,1
>532.S2,1
>533.S2,1
>534.S2,1
>535.S2,1
>536.S2,1
>537.S2,1
>538.S2,1
>539.S2,1
>540.S2,1
>541.S2,1
>542.S2,1
>543.S2,1
>544.S2,1
>545.S2,1
>546.S2,1
>547.S2,1
>548.S2,1
>549.S2,1
>550.S2,1
>551.S2,1
>552.S2,1
>553.S2,1
>554.S2,1
>555.S2,1
>556.S2,1
>557.S2,1
>558.S2,1
>559.S2,1
>560.S2,1
>561.S2,1
>562.S2,1
>563.S2,1
>564.S2,1
>565.S2,1
>566.S2,1
>567.S2,1
>568.S2,1
>569.S2,1
>570.S2,1
>571.S2,1
>572.S2,1
>573.S2,1
>574.S2,1
>575.S2,1
>576.S2,1
>577.S2,1
>578.S2,1
>579.S2,1
>580.S2,1
>581.S2,1
>582.S2,1
>583.S2,1
>584.S2,1
>585.S2,1
>586.S2,1
>587.S2,1
>588.S2,1
>589.S2,1
>590.S2,1
>591.S2,1
>592.S2,1
>593.S2,1
>594.S2,1
>595.S2,1
>596.S2,1
>597.S2,1
>598.S2,1
>599.S2,1
>600.S2,1
>601.S2,1
>602.S2,1
>603.S2,1
>604.S2,1
>605.S2,1
>606.S2,1
>607.S2,1
>608.S2,1
>609.S2,1
>610.S2,1
>611.S2,1
>612.S2,1
>613.S2,1
>614.S2,1
>615.S2,1
>616.S2,1
>617.S2,1
>618.S2,1
>619.S2,1
>620.S2,1
>621.S2,1
>622.S2,1
>623.S2,1
>624.S2,1
>625.S2,1
>626.S2,1
>627.S2,1
>628.S2,1
>629.S2,1
>630.S2,1
>631.S2,1
>632.S2,1
>633.S2,1
>634.S2,1
>635.S2,1
>636.S2,1
>637.S2,1
>638.S2,1
>639.S2,1
>640.S2,1
>641.S2,1
>642.S2,1
>643.S2,1
>644.S2,1
>645.S2,1
>646.S2,1
>647.S2,1
>648.S2,1
>649.S2,1
>650.S2,1
>651.S2,1
>652.S2,1
>653.S2,1
>654.S2,1
>655.S2,1
>656.S2,1
>657.S2,1
>658.S2,1
>659.S2,1
>660.S2,1
>661.S2,1
>662.S2,1
>663.S2,1
>664.S2,1
>665.S2,1
>666.S2,1
>667.S2,1
>668.S2,1
>669.S2,1
>670.S2,1
>671.S2,1
>672.S2,1
>673.S2,1
>674.S2,1
>675.S2,1
>676.S2,1
>677.S2,1
>678.S2,1
>679.S2,1
>680.S2,1
>681.S2,1
>682.S2,1
>683.S2,1
>684.S2,1
>685.S2,1
>686.S2,1
>687.S2,1
>688.S2,1
>689.S2,1
>690.S2,1
>691.S2,1
>692.S2,1
>693.S2,1
>694.S2,1
>695.S2,1
>696.S2,1
>697.S2,1
>698.S2,1
>699.S2,1
>700.S2,1
>701.S2,1
>702.S2,1
>703.S2,1
>704.S2,1
>705.S2,1
>706.S2,1
>707.S2,1
>708.S2,1
>709.S2,1
>710.S2,1
>711.S2,1
>712.S2,1
>713.S2,1
>714.S2,1
>715.S2,1
>716.S2,1
>717.S2,1
>718.S2,1
>719.S2,1
>720.S2,1
>721.S2,1
>722.S2,1
>723.S2,1
>724.S2,1
>725.S2,1
>726.S2,1
>727.S2,1
>728.S2,1
>729.S2,1
>730.S2,1
>731.S2,1
>732.S2,1
>733.S2,1
>734.S2,1
>735.S2,1
>736.S2,1
>737.S2,1
>738.S2,1
>739.S2,1
>740.S2,1
>741.S2,1
>742.S2,1
>743.S2,1
>744.S2,1
>745.S2,1
>746.S2,1
>747.S2,1
>748.S2,1
>749.S2,1
>750.S2,1
>751.S2,1
>752.S2,1
>753.S2,1
>754.S2,1
>755.S2,1
>756.S2,1
>757.S2,1
>758.S2,1
>759.S2,1
>760.S2,1
>761.S2,1
>762.S2,1
>763.S2,1
>764.S2,1
>765.S2,1
>766.S2,1
>767.S2,1
>768.S2,1
>769.S2,1
>770.S2,1
>771.S2,1
>772.S2,1
>773.S2,1
>774.S2,1
>775.S2,1
>776.S2,1
>777.S2,1
>778.S2,1
>779.S2,1
>780.S2,1
>781.S2,1
>782.S2,1
>783.S2,1
>784.S2,1
>785.S2,1
>786.S2,1
>787.S2,1
>788.S2,1
>789.S2,1
>790.S2,1
>791.S2,1
>792.S2,1
>793.S2,1
>794.S2,1
>795.S2,1
>796.S2,1
>797.S2,1
>798.S2,1
>799.S2,1
>800.S2,1
>801.S2,1
>802.S2,1
>803.S2,1
>804.S2,1
>805.S2,1
>806.S2,1
>807.S2,1
>808.S2,1
>809.S2,1
>810.S2,1
>811.S2,1
>812.S2,1
>813.S2,1
>814.S2,1
>815.S2,1
>816.S2,1
>817.S2,1
>818.S2,1
>819.S2,1
>820.S2,1
>821.S2,1
>822.S2,1
>823.S2,1
>824.S2,1
>825.S2,1
>826.S2,1
>827.S2,1
>828.S2,1
>829.S2,1
>830.S2,1
>831.S2,1
>832.S2,1
>833.S2,1
>834.S2,1
>835.S2,1
>836.S2,1
>837.S2,1
>838.S2,1
>839.S2,1
>840.S2,1
>841.S2,1
>842.S2,1
>843.S2,1
>844.S2,1
>845.S2,1
>846.S2,1
>847.S2,1
>848.S2,1
>849.S2,1
>850.S2,1
>851.S2,1
>852.S2,1
>853.S2,1
>854.S2,1
>855.S2,1
>856.S2,1
>857.S2,1
>858.S2,1
>859.S2,1
>860.S2,1
>861.S2,1
>862.S2,1
>863.S2,1
>864.S2,1
>865.S2,1
>866.S2,1
>867.S2,1
>868.S2,1
>869.S2,1
>870.S2,1
>871.S2,1
>872.S2,1
>873.S2,1
>874.S2,1
>875.S2,1
>876.S2,1
>877.S2,1
>878.S2,1
>879.S2,1
>880.S2,1
>881.S2,1
>882.S2,1
>883.S2,1
>884.S2,1
>885.S2,1
>886.S2,1
>887.S2,1
>888.S2,1
>889.S2,1
>890.S2,1
>891.S2,1
>892.S2,1
>893.S2,1
>894.S2,1
>895.S2,1
>896.S2,1
>897.S2,1
>898.S2,1
>899.S2,1
>900.S2,1
>901.S2,1
>902.S2,1
>903.S2,1
>904.S2,1
>905.S2,1
>906.S2,1
>907.S2,1
>908.S2,1
>909.S2,1
>910.S2,1
>911.S2,1
>912.S2,1
>913.S2,1
>914.S2,1
>915.S2,1
>916.S2,1
>917.S2,1
>918.S2,1
>919.S2,1
>920.S2,1
>921.S2,1
>922.S2,1
>923.S2,1
>924.S2,1
>925.S2,1
>926.S2,1
>927.S2,1
>928.S2,1
>929.S2,1
>930.S2,1
>931.S2,1
>932.S2,1
>933.S2,1
>934.S2,1
>935.S2,1
>936.S2,1
>937.S2,1
>938.S2,1
>939.S2,1
>940.S2,1
>941.S2,1
>942.S2,1
>943.S2,1
>944.S2,1
>945.S2,1
>946.S2,1
>947.S2,1
>948.S2,1
>949.S2,1
>950.S2,1
>951.S2,1
>952.S2,1
>953.S2,1
>954.S2,1
>955.S2,1
>956.S2,1
>957.S2,1
>958.S2,1
>959.S2,1
>960.S2,1
>961.S2,1
>962.S2,1
>963.S2,1
>964.S2,1
>965.S2,1
>966.S2,1
>967.S2,1
>968.S2,1
>969.S2,1
>970.S2,1
>971.S2,1
>972.S2,1
>973.S2,1
>974.S2,1
>975.S2,1
>976.S2,1
>977.S2,1
>978.S2,1
>979.S2,1
>980.S2,1
>981.S2,1
>982.S2,1
>983.S2,1
>984.S2,1
>985.S2,1
>986.S2,1
>987.S2,1
>988.S2,1
>989.S2,1
>990.S2,1
>991.S2,1
>992.S2,1
>993.S2,1
>994.S2,1
>995.S2,1
>996.S2,1
>997.S2,1
>998.S2,1
>999.S1,2
>0.S1,2
>1.S1,2
>2.S1,2
>3.S1,2
>4.S1,2
>5.S1,2
>6.S1,2
>7.S1,2
>8.S1,2
>9.S1,2
>10.S1,2
>11.S1,2
>12.S1,2
>13.S1,2
>14.S1,2
>15.S1,2
>16.S1,2
>17.S1,2
>18.S1,2
>19.S1,2
>20.S1,2
>21.S1,2
>22.S1,2
>23.S1,2
>24.S1,2
>25.S1,2
>26.S1,2
>27.S1,2
>28.S1,2
>29.S1,2
>30.S1,2
>31.S1,2
>32.S1,2
>33.S1,2
>34.S1,2
>35.S1,2
>36.S1,2
>37.S1,2
>38.S1,2
>39.S1,2
>40.S1,2
>41.S1,2
>42.S1,2
>43.S1,2
>44.S1,2
>45.S1,2
>46.S1,2
>47.S1,2
>48.S1,2
>49.S1,2
>50.S1,2
>51.S1,2
>52.S1,2
>53.S1,2
>54.S1,2
>55.S1,2
>56.S1,2
>57.S1,2
>58.S1,2
>59.S1,2
>60.S1,2
>61.S1,2
>62.S1,2
>63.S1,2
>64.S1,2
>65.S1,2
>66.S1,2
>67.S1,2
>68.S1,2
>69.S1,2
>70.S1,2
>71.S1,2
>72.S1,2
>73.S1,2
>74.S1,2
>75.S1,2
>76.S1,2
>77.S1,2
>78.S1,2
>79.S1,2
>80.S1,2
>81.S1,2
>82.S1,2
>83.S1,2
>84.S1,2
>85.S1,2
>86.S1,2
>87.S1,2
>88.S1,2
>89.S1,2
>90.S1,2
>91.S1,2
>92.S1,2
>93.S1,2
>94.S1,2
>95.S1,2
>96.S1,2
>97.S1,2
>98.S1,2
>99.S1,2
>100.S1,2
>101.S1,2
>102.S1,2
>103.S1,2
>104.S1,2
>105.S1,2
>106.S1,2
>107.S1,2
>108.S1,2
>109.S1,2
>110.S1,2
>111.S1,2
>112.S1,2
>113.S1,2
>114.S1,2
>115.S1,2
>116.S1,2
>117.S1,2
>118.S1,2
>119.S1,2
>120.S1,2
>121.S1,2
>122.S1,2
>123.S1,2
>124.S1,2
>125.S1,2
>126.S1,2
>127.S1,2
>128.S1,2
>129.S1,2
>130.S1,2
>131.S1,2
>132.S1,2
>133.S1,2
>134.S1,2
>135.S1,2
>136.S1,2
>137.S1,2
>138.S1,2
>139.S1,2
>140.S1,2
>141.S1,2
>142.S1,2
>143.S1,2
>144.S1,2
>145.S1,2
>146.S1,2
>147.S1,2
>148.S1,2
>149.S1,2
>150.S1,2
>151.S1,2
>152.S1,2
>153.S1,2
>154.S1,2
>155.S1,2
>156.S1,2
>157.S1,2
>158.S1,2
>159.S1,2
>160.S1,2
>161.S1,2
>162.S1,2
>163.S1,2
>164.S1,2
>165.S1,2
>166.S1,2
>167.S1,2
>168.S1,2
>169.S1,2
>170.S1,2
>171.S1,2
>172.S1,2
>173.S1,2
>174.S1,2
>175.S1,2
>176.S1,2
>177.S1,2
>178.S1,2
>179.S1,2
>180.S1,2
>181.S1,2
>182.S1,2
>183.S1,2
>184.S1,2
>185.S1,2
>186.S1,2
>187.S1,2
>188.S1,2
>189.S1,2
>190.S1,2
>191.S1,2
>192.S1,2
>193.S1,2
>194.S1,2
>195.S1,2
>196.S1,2
>197.S1,2
>198.S1,2
>199.S1,2
>200.S1,2
>201.S1,2
>202.S1,2
>203.S1,2
>204.S1,2
>205.S1,2
>206.S1,2
>207.S1,2
>208.S1,2
>209.S1,2
>210.S1,2
>211.S1,2
>212.S1,2
>213.S1,2
>214.S1,2
>215.S1,2
>216.S1,2
>217.S1,2
>218.S1,2
>219.S1,2
>220.S1,2
>221.S1,2
>222.S1,2
>223.S1,2
>224.S1,2
>225.S1,2
>226.S1,2
>227.S1,2
>228.S1,2
>229.S1,2
>230.S1,2
>231.S1,2
>232.S1,2
>233.S1,2
>234.S1,2
>235.S1,2
>236.S1,2
>237.S1,2
>238.S1,2
>239.S1,2
>240.S1,2
>241.S1,2
>242.S1,2
>243.S1,2
>244.S1,2
>245.S1,2
>246.S1,2
>247.S1,2
>248.S1,2
>249.S1,2
>250.S1,2
>251.S1,2
>252.S1,2
>253.S1,2
>254.S1,2
>255.S1,2
>256.S1,2
>257.S1,2
>258.S1,2
>259.S1,2
>260.S1,2
>261.S1,2
>262.S1,2
>263.S1,2
>264.S1,2
>265.S1,2
>266.S1,2
>267.S1,2
>268.S1,2
>269.S1,2
>270.S1,2
>271.S1,2
>272.S1,2
>273.S1,2
>274.S1,2
>275.S1,2
>276.S1,2
>277.S1,2
>278.S1,2
>279.S1,2
>280.S1,2
>281.S1,2
>282.S1,2
>283.S1,2
>284.S1,2
>285.S1,2
>286.S1,2
>287.S1,2
>288.S1,2
>289.S1,2
>290.S1,2
>291.S1,2
>292.S1,2
>293.S1,2
>294.S1,2
>295.S1,2
>296.S1,2
>297.S1,2
>298.S1,2
>299.S1,2
>300.S1,2
>301.S1,2
>302.S1,2
>303.S1,2
>304.S1,2
>305.S1,2
>306.S1,2
>307.S1,2
>308.S1,2
>309.S1,2
>310.S1,2
>311.S1,2
>312.S1,2
>313.S1,2
>314.S1,2
>315.S1,2
>316.S1,2
>317.S1,2
>318.S1,2
>319.S1,2
>320.S1,2
>321.S1,2
>322.S1,2
>323.S1,2
>324.S1,2
>325.S1,2
>326.S1,2
>327.S1,2
>328.S1,2
>329.S1,2
>330.S1,2
>331.S1,2
>332.S1,2
>333.S1,2
>334.S1,2
>335.S1,2
>336.S1,2
>337.S1,2
>338.S1,2
>339.S1,2
>340.S1,2
>341.S1,2
>342.S1,2
>343.S1,2
>344.S1,2
>345.S1,2
>346.S1,2
>347.S1,2
>348.S1,2
>349.S1,2
>350.S1,2
>351.S1,2
>352.S1,2
>353.S1,2
>354.S1,2
>355.S1,2
>356.S1,2
>357.S1,2
>358.S1,2
>359.S1,2
>360.S1,2
>361.S1,2
>362.S1,2
>363.S1,2
>364.S1,2
>365.S1,2
>366.S1,2
>367.S1,2
>368.S1,2
>369.S1,2
>370.S1,2
>371.S1,2
>372.S1,2
>373.S1,2
>374.S1,2
>375.S1,2
>376.S1,2
>377.S1,2
>378.S1,2
>379.S1,2
>380.S1,2
>381.S1,2
>382.S1,2
>383.S1,2
>384.S1,2
>385.S1,2
>386.S1,2
>387.S1,2
>388.S1,2
>389.S1,2
>390.S1,2
>391.S1,2
>392.S1,2
>393.S1,2
>394.S1,2
>395.S1,2
>396.S1,2
>397.S1,2
>398.S1,2
>399.S1,2
>400.S1,2
>401.S1,2
>402.S1,2
>403.S1,2
>404.S1,2
>405.S1,2
>406.S1,2
>407.S1,2
>408.S1,2
>409.S1,2
>410.S1,2
>411.S1,2
>412.S1,2
>413.S1,2
>414.S1,2
>415.S1,2
>416.S1,2
>417.S1,2
>418.S1,2
>419.S1,2
>420.S1,2
>421.S1,2
>422.S1,2
>423.S1,2
>424.S1,2
>425.S1,2
>426.S1,2
>427.S1,2
>428.S1,2
>429.S1,2
>430.S1,2
>431.S1,2
>432.S1,2
>433.S1,2
>434.S1,2
>435.S1,2
>436.S1,2
>437.S1,2
>438.S1,2
>439.S1,2
>440.S1,2
>441.S1,2
>442.S1,2
>443.S1,2
>444.S1,2
>445.S1,2
>446.S1,2
>447.S1,2
>448.S1,2
>449.S1,2
>450.S1,2
>451.S1,2
>452.S1,2
>453.S1,2
>454.S1,2
>455.S1,2
>456.S1,2
>457.S1,2
>458.S1,2
>459.S1,2
>460.S1,2
>461.S1,2
>462.S1,2
>463.S1,2
>464.S1,2
>465.S1,2
>466.S1,2
>467.S1,2
>468.S1,2
>469.S1,2
>470.S1,2
>471.S1,2
>472.S1,2
>473.S1,2
>474.S1,2
>475.S1,2
>476.S1,2
>477.S1,2
>478.S1,2
>479.S1,2
>480.S1,2
>481.S1,2
>482.S1,2
>483.S1,2
>484.S1,2
>485.S1,2
>486.S1,2
>487.S1,2
>488.S1,2
>489.S1,2
>490.S1,2
>491.S1,2
>492.S1,2
>493.S1,2
>494.S1,2
>495.S1,2
>496.S1,2
>497.S1,2
>498.S1,2
>499.S1,2
>500.S1,2
>501.S1,2
>502.S1,2
>503.S1,2
>504.S1,2
>505.S1,2
>506.S1,2
>507.S1,2
>508.S1,2
>509.S1,2
>510.S1,2
>511.S1,2
>512.S1,2
>513.S1,2
>514.S1,2
>515.S1,2
>516.S1,2
>517.S1,2
>518.S1,2
>519.S1,2
>520.S1,2
>521.S1,2
>522.S1,2
>523.S1,2
>524.S1,2
>525.S1,2
>526.S1,2
>527.S1,2
>528.S1,2
>529.S1,2
>530.S1,2
>531.S1,2
>532.S1,2
>533.S1,2
>534.S1,2
>535.S1,2
>536.S1,2
>537.S1,2
>538.S1,2
>539.S1,2
>540.S1,2
>541.S1,2
>542.S1,2
>543.S1,2
>544.S1,2
>545.S1,2
>546.S1,2
>547.S1,2
>548.S1,2
>549.S1,2
>550.S1,2
>551.S1,2
>552.S1,2
>553.S1,2
>554.S1,2
>555.S1,2
>556.S1,2
>557.S1,2
>558.S1,2
>559.S1,2
>560.S1,2
>561.S1,2
>562.S1,2
>563.S1,2
>564.S1,2
>565.S1,2
>566.S1,2
>567.S1,2
>568.S1,2
>569.S1,2
>570.S1,2
>571.S1,2
>572.S1,2
>573.S1,2
>574.S1,2
>575.S1,2
>576.S1,2
>577.S1,2
>578.S1,2
>579.S1,2
>580.S1,2
>581.S1,2
>582.S1,2
>583.S1,2
>584.S1,2
>585.S1,2
>586.S1,2
>587.S1,2
>588.S1,2
>589.S1,2
>590.S1,2
>591.S1,2
>592.S1,2
>593.S1,2
>594.S1,2
>595.S1,2
>596.S1,2
>597.S1,2
>598.S1,2
>599.S1,2
>600.S1,2
>601.S1,2
>602.S1,2
>603.S1,2
>604.S1,2
>605.S1,2
>606.S1,2
>607.S1,2
>608.S1,2
>609.S1,2
>610.S1,2
>611.S1,2
>612.S1,2
>613.S1,2
>614.S1,2
>615.S1,2
>616.S1,2
>617.S1,2
>618.S1,2
>619.S1,2
>620.S1,2
>621.S1,2
>622.S1,2
>623.S1,2
>624.S1,2
>625.S1,2
>626.S1,2
>627.S1,2
>628.S1,2
>629.S1,2
>630.S1,2
>631.S1,2
>632.S1,2
>633.S1,2
>634.S1,2
>635.S1,2
>636.S1,2
>637.S1,2
>638.S1,2
>639.S1,2
>640.S1,2
>641.S1,2
>642.S1,2
>643.S1,2
>644.S1,2
>645.S1,2
>646.S1,2
>647.S1,2
>648.S1,2
>649.S1,2
>650.S1,2
>651.S1,2
>652.S1,2
>653.S1,2
>654.S1,2
>655.S1,2
>656.S1,2
>657.S1,2
>658.S1,2
>659.S1,2
>660.S1,2
>661.S1,2
>662.S1,2
>663.S1,2
>664.S1,2
>665.S1,2
>666.S1,2
>667.S1,2
>668.S1,2
>669.S1,2
>670.S1,2
>671.S1,2
>672.S1,2
>673.S1,2
>674.S1,2
>675.S1,2
>676.S1,2
>677.S1,2
>678.S1,2
>679.S1,2
>680.S1,2
>681.S1,2
>682.S1,2
>683.S1,2
>684.S1,2
>685.S1,2
>686.S1,2
>687.S1,2
>688.S1,2
>689.S1,2
>690.S1,2
>691.S1,2
>692.S1,2
>693.S1,2
>694.S1,2
>695.S1,2
>696.S1,2
>697.S1,2
>698.S1,2
>699.S1,2
>700.S1,2
>701.S1,2
>702.S1,2
>703.S1,2
>704.S1,2
>705.S1,2
>706.S1,2
>707.S1,2
>708.S1,2
>709.S1,2
>710.S1,2
>711.S1,2
>712.S1,2
>713.S1,2
>714.S1,2
>715.S1,2
>716.S1,2
>717.S1,2
>718.S1,2
>719.S1,2
>720.S1,2
>721.S1,2
>722.S1,2
>723.S1,2
>724.S1,2
>725.S1,2
>726.S1,2
>727.S1,2
>728.S1,2
>729.S1,2
>730.S1,2
>731.S1,2
>732.S1,2
>733.S1,2
>734.S1,2
>735.S1,2
>736.S1,2
>737.S1,2
>738.S1,2
>739.S1,2
>740.S1,2
>741.S1,2
>742.S1,2
>743.S1,2
>744.S1,2
>745.S1,2
>746.S1,2
>747.S1,2
>748.S1,2
>749.S1,2
>750.S1,2
>751.S1,2
>752.S1,2
>753.S1,2
>754.S1,2
>755.S1,2
>756.S1,2
>757.S1,2
>758.S1,2
>759.S1,2
>760.S1,2
>761.S1,2
>762.S1,2
>763.S1,2
>764.S1,2
>765.S1,2
>766.S1,2
>767.S1,2
>768.S1,2
>769.S1,2
>770.S1,2
>771.S1,2
>772.S1,2
>773.S1,2
>774.S1,2
>775.S1,2
>776.S1,2
>777.S1,2
>778.S1,2
>779.S1,2
>780.S1,2
>781.S1,2
>782.S1,2
>783.S1,2
>784.S1,2
>785.S1,2
>786.S1,2
>787.S1,2
>788.S1,2
>789.S1,2
>790.S1,2
>791.S1,2
>792.S1,2
>793.S1,2
>794.S1,2
>795.S1,2
>796.S1,2
>797.S1,2
>798.S1,2
>799.S1,2
>800.S1,2
>801.S1,2
>802.S1,2
>803.S1,2
>804.S1,2
>805.S1,2
>806.S1,2
>807.S1,2
>808.S1,2
>809.S1,2
>810.S1,2
>811.S1,2
>812.S1,2
>813.S1,2
>814.S1,2
>815.S1,2
>816.S1,2
>817.S1,2
>818.S1,2
>819.S1,2
>820.S1,2
>821.S1,2
>822.S1,2
>823.S1,2
>824.S1,2
>825.S1,2
>826.S1,2
>827.S1,2
>828.S1,2
>829.S1,2
>830.S1,2
>831.S1,2
>832.S1,2
>833.S1,2
>834.S1,2
>835.S1,2
>836.S1,2
>837.S1,2
>838.S1,2
>839.S1,2
>840.S1,2
>841.S1,2
>842.S1,2
>843.S1,2
>844.S1,2
>845.S1,2
>846.S1,2
>847.S1,2
>848.S1,2
>849.S1,2
>850.S1,2
>851.S1,2
>852.S1,2
>853.S1,2
>854.S1,2
>855.S1,2
>856.S1,2
>857.S1,2
>858.S1,2
>859.S1,2
>860.S1,2
>861.S1,2
>862.S1,2
>863.S1,2
>864.S1,2
>865.S1,2
>866.S1,2
>867.S1,2
>868.S1,2
>869.S1,2
>870.S1,2
>871.S1,2
>872.S1,2
>873.S1,2
>874.S1,2
>875.S1,2
>876.S1,2
>877.S1,2
>878.S1,2
>879.S1,2
>880.S1,2
>881.S1,2
>882.S1,2
>883.S1,2
>884.S1,2
>885.S1,2
>886.S1,2
>887.S1,2
>888.S1,2
>889.S1,2
>890.S1,2
>891.S1,2
>892.S1,2
>893.S1,2
>894.S1,2
>895.S1,2
>896.S1,2
>897.S1,2
>898.S1,2
>899.S1,2
>900.S1,2
>901.S1,2
>902.S1,2
>903.S1,2
>904.S1,2
>905.S1,2
>906.S1,2
>907.S1,2
>908.S1,2
>909.S1,2
>910.S1,2
>911.S1,2
>912.S1,2
>913.S1,2
>914.S1,2
>915.S1,2
>916.S1,2
>917.S1,2
>918.S1,2
>919.S1,2
>920.S1,2
>921.S1,2
>922.S1,2
>923.S1,2
>924.S1,2
>925.S1,2
>926.S1,2
>927.S1,2
>928.S1,2
>929.S1,2
>930.S1,2
>931.S1,2
>932.S1,2
>933.S1,2
>934.S1,2
>935.S1,2
>936.S1,2
>937.S1,2
>938.S1,2
>939.S1,2
>940.S1,2
>941.S1,2
>942.S1,2
>943.S1,2
>944.S1,2
>945.S1,2
>946.S1,2
>947.S1,2
>948.S1,2
>949.S1,2
>950.S1,2
>951.S1,2
>952.S1,2
>953.S1,2
>954.S1,2
>955.S1,2
>956.S1,2
>957.S1,2
>958.S1,2
>959.S1,2
>960.S1,2
>961.S1,2
>962.S1,2
>963.S1,2
>964.S1,2
>965.S1,2
>966.S1,2
>967.S1,2
>968.S1,2
>969.S1,2
>970.S1,2
>971.S1,2
>972.S1,2
>973.S1,2
>974.S1,2
>975.S1,2
>976.S1,2
>977.S1,2
>978.S1,2
>979.S1,2
>980.S1,2
>981.S1,2
>982.S1,2
>983.S1,2
>984.S1,2
>985.S1,2
>986.S1,2
>987.S1,2
>988.S1,2
>989.S1,2
>990.S1,2
>991.S1,2
>992.S1,2
>993.S1,2
>994.S1,2
>995.S1,2
>996.S1,2
>997.S1,2
>998.S1,2
